-- Демонстрационные данные для БД football_service.
-- Статистика «последний сезон» (goals_last_season, assists_last_season) задаётся в INSERT INTO Player ниже; дополнительные Python-скрипты для её загрузки не требуются.

-- Добавление данных в таблицу стран (явные country_id — стабильные ссылки из City и Player)
INSERT INTO Country (country_id, name, region) VALUES
(1, 'Россия', 'Евразия'),
(2, 'Испания', 'Южная Европа'),
(3, 'Франция', 'Западная Европа'),
(4, 'Германия', 'Центральная Европа'),
(5, 'Италия', 'Южная Европа'),
(6, 'Бразилия', 'Южная Америка'),
(7, 'Аргентина', 'Южная Америка'),
(8, 'Англия', 'Северная Европа'),
(9, 'Нидерланды', 'Западная Европа'),
(10, 'Португалия', 'Южная Европа'),
(11, 'Мексика', 'Северная Америка'),
(12, 'США', 'Северная Америка'),
(13, 'Япония', 'Восточная Азия'),
(14, 'Австралия', 'Океания'),
(15, 'Египет', 'Северная Африка'),
(16, 'Босния и Герцеговина', 'Юго-Восточная Европа'),
(17, 'Буркина-Фасо', 'Западная Африка'),
(18, 'Венгрия', 'Центральная Европа'),
(19, 'Габон', 'Центральная Африка'),
(20, 'Дания', 'Северная Европа'),
(21, 'Исландия', 'Северная Европа'),
(22, 'Казахстан', 'Центральная Азия'),
(23, 'Камерун', 'Центральная Африка'),
(24, 'Канада', 'Северная Америка'),
(25, 'Колумбия', 'Южная Америка'),
(26, 'Коста-Рика', 'Северная Америка'),
(27, 'Марокко', 'Северная Африка'),
(28, 'Норвегия', 'Северная Европа'),
(29, 'Парагвай', 'Южная Америка'),
(30, 'Перу', 'Южная Америка'),
(31, 'Польша', 'Центральная Европа'),
(32, 'Сенегал', 'Западная Африка'),
(33, 'Сербия', 'Юго-Восточная Европа'),
(34, 'Тунис', 'Северная Африка'),
(35, 'Украина', 'Восточная Европа'),
(36, 'Уругвай', 'Южная Америка'),
(37, 'Хорватия', 'Юго-Восточная Европа'),
(38, 'Швеция', 'Северная Европа'),
(39, 'Эквадор', 'Южная Америка'),
(40, 'ЮАР', 'Южная Африка'),
(41, 'Ямайка', 'Карибский бассейн');

SELECT setval(
    pg_get_serial_sequence('country', 'country_id'),
    (SELECT COALESCE(MAX(country_id), 1) FROM Country)
);

-- Добавление данных в таблицу городов
INSERT INTO City (name, country_id) VALUES
('Москва', 1),
('Барселона', 2),
('Париж', 3),
('Берлин', 4),
('Рим', 5),
('Рио-де-Жанейро', 6),
('Буэнос-Айрес', 7),
('Лондон', 8),
('Амстердам', 9),
('Лиссабон', 10),
('Гвадалахара', 11),
('Нью-Йорк', 12),
('Токио', 13),
('Сидней', 14),
('Каир', 15);

-- Добавление данных в таблицу стадионов
INSERT INTO Stadium (name, type_of_pitch, city_id) VALUES
('Лужники', 'Трава', 1),
('Камп Ноу', 'Трава', 2),
('Парк де Пренс', 'Трава', 3),
('Альянц Арена', 'Искусственный газон', 4),
('Стадио Олимпико', 'Трава', 5),
('Маракана', 'Трава', 6),
('Ла Бомбонера', 'Трава', 7),
('Уэмбли', 'Трава', 8),
('Йохан Кройф Арена', 'Искусственный газон', 9),
('Эштадиу да Луж', 'Трава', 10),
('Астека', 'Трава', 11),
('Метлайф Стэдиум', 'Искусственный газон', 12),
('Сайтама 2002', 'Трава', 13),
('ААНЗ Стэдиум', 'Искусственный газон', 14),
('Аль-Ахли Стадиум', 'Искусственный газон', 15);

-- Добавление данных в таблицу клубов
INSERT INTO Club (name, stadium_id, rating) VALUES
('ЦСКА', 1, 80),
('Барселона', 2, 95),
('ПСЖ', 3, 90),
('Бавария', 4, 92),
('Рома', 5, 85),
('Фламенго', 6, 88),
('Бока Хуниорс', 7, 84),
('Арсенал', 8, 91),
('Аякс', 9, 89),
('Спортинг Лиссабон', 10, 87),
('Гвадалахара', 11, 80),
('Нью-Йорк Сити', 12, 83),
('Урава Ред Даймондс', 13, 86),
('Сидней FC', 14, 78),
('Аль-Ахли', 15, 82);

-- Справочник подклассов (position_category — амплуа; name — тактический тип)
INSERT INTO player_subtype (name, position_category) VALUES
('Выходящий вратарь', 'Вратарь'),
('Классический вратарь', 'Вратарь'),
('Игра ногами', 'Вратарь'),
('Игрок стыка', 'Защитник'),
('Инициирующий защитник', 'Защитник'),
('Универсальный защитник', 'Защитник'),
('Опорный полузащитник', 'Полузащитник'),
('Бокс-ту-бокс', 'Полузащитник'),
('Плеймейкер', 'Полузащитник'),
('Фланговый полузащитник', 'Полузащитник'),
('Разносторонний полузащитник', 'Полузащитник'),
('Ложная девятка', 'Нападающий'),
('Столб', 'Нападающий'),
('Скоростной нападающий', 'Нападающий'),
('Подвижный второй нападающий', 'Нападающий'),
('Разносторонний нападающий', 'Нападающий'),
('Классический центрфорвард', 'Нападающий');

-- Добавление данных в таблицу игроков (имена — международная латиница для поиска фото и TM)
INSERT INTO Player (name, age, salary, subtype_id, club_id, nationality_country_id, goals_last_season, assists_last_season) VALUES
('Alan Dzagoev', 34, 3000000, 7, 1, 1, 5, 4),
('Lionel Messi', 37, 40000000, 12, 2, 7, 14, 11),
('Neymar', 31, 30000000, 13, 3, 6, 10, 7),
('Robert Lewandowski', 35, 25000000, 14, 4, 31, 19, 4),
('Edin Dzeko', 38, 10000000, 15, 5, 16, 12, 3),
('Gabriel Barbosa', 29, 15000000, 16, 6, 6, 26, 10),
('Carlos Tevez', 39, 12000000, 17, 7, 7, 8, 6),
('Pierre-Emerick Aubameyang', 34, 10000000, 12, 8, 19, 13, 2),
('Georginio Wijnaldum', 33, 9500000, 8, 9, 9, 9, 9),
('Joao Mario', 32, 8000000, 9, 10, 10, 12, 12),
('Guillermo Ochoa', 39, 4000000, 1, 11, 11, 0, 0),
('Junior Moreno', 30, 7000000, 10, 12, 39, 10, 10),
('Shinji Kagawa', 35, 5000000, 11, 13, 13, 12, 12),
('Mark Bertram', 32, 6000000, 4, 14, 8, 3, 6),
('Ahmed Fathi', 33, 4500000, 5, 15, 15, 2, 3);
-- Добавление дополнительных игроков
INSERT INTO Player (name, age, salary, subtype_id, club_id, nationality_country_id, goals_last_season, assists_last_season) VALUES
-- ЦСКА (club_id = 1)
('Igor Akinfeev', 38, 2500000, 2, 1, 1, 0, 0),
('Mario Fernandes', 34, 3500000, 6, 1, 6, 5, 5),
('Kirill Nababkin', 37, 1800000, 4, 1, 1, 5, 4),
('Nikola Vlasic', 27, 5000000, 7, 1, 37, 7, 7),
('Fedor Chalov', 26, 4000000, 13, 1, 1, 13, 6),
('Anton Zabolotny', 33, 2200000, 14, 1, 1, 7, 8),
('Ivan Oblyakov', 29, 2800000, 8, 1, 1, 3, 3),
('Bakhtiyor Zaynutdinov', 26, 3200000, 9, 1, 22, 9, 9),
('Victor Mendy', 24, 1500000, 5, 1, 3, 1, 4),
('Hordur Magnusson', 31, 2000000, 6, 1, 21, 5, 5),
-- Барселона (club_id = 2)
('Pedri', 21, 15000000, 10, 2, 2, 4, 6),
('Gavi', 20, 12000000, 11, 2, 2, 2, 5),
('Robert Lewandowski', 36, 25000000, 15, 2, 31, 19, 4),
('Jules Kounde', 25, 14000000, 4, 2, 3, 5, 5),
('Marc-Andre ter Stegen', 32, 18000000, 3, 2, 4, 0, 0),
('Ronald Araujo', 25, 10000000, 5, 2, 36, 7, 1),
('Ferran Torres', 24, 9000000, 16, 2, 2, 9, 11),
('Andreas Christensen', 28, 8000000, 6, 2, 20, 2, 5),
('Raphinha', 31, 11000000, 17, 2, 6, 17, 7),
('Frenkie de Jong', 27, 16000000, 7, 2, 9, 2, 5),
-- ПСЖ (club_id = 3)
('Kylian Mbappe', 25, 35000000, 12, 3, 3, 27, 5),
('Marquinhos', 30, 15000000, 4, 3, 6, 2, 3),
('Achraf Hakimi', 25, 12000000, 5, 3, 27, 4, 2),
('Vitinha', 24, 10000000, 8, 3, 10, 5, 5),
('Gianluigi Donnarumma', 25, 13000000, 1, 3, 5, 0, 0),
('Hugo Ekitike', 22, 7000000, 13, 3, 3, 17, 4),
('Fabian Ruiz', 28, 9000000, 9, 3, 2, 10, 10),
('Nuno Mendes', 22, 8000000, 6, 3, 10, 4, 1),
('Carlos Soler', 27, 7500000, 10, 3, 2, 3, 3),
('Presnel Kimpembe', 29, 11000000, 4, 3, 3, 5, 4),
-- Бавария (club_id = 4)
('Manuel Neuer', 38, 15000000, 2, 4, 4, 0, 1),
('Jamal Musiala', 21, 18000000, 11, 4, 4, 12, 8),
('Leroy Sane', 28, 14000000, 14, 4, 4, 8, 3),
('Thomas Muller', 35, 12000000, 15, 4, 4, 8, 6),
('Joshua Kimmich', 29, 16000000, 7, 4, 4, 5, 5),
('Alphonso Davies', 23, 11000000, 5, 4, 24, 6, 2),
('Matthijs de Ligt', 24, 13000000, 6, 4, 9, 7, 1),
('Leon Goretzka', 29, 10000000, 8, 4, 4, 9, 9),
('Serge Gnabry', 28, 12000000, 16, 4, 4, 25, 11),
('Kingsley Coman', 28, 13000000, 17, 4, 3, 9, 12),
-- Рома (club_id = 5)
('Paulo Dybala', 31, 9000000, 12, 5, 7, 11, 6),
('Lorenzo Pellegrini', 28, 7000000, 9, 5, 5, 10, 10),
('Tammy Abraham', 27, 6000000, 13, 5, 8, 9, 4),
('Riccardo Zapata', 26, 4500000, 4, 5, 5, 5, 3),
('Rui Patricio', 36, 3500000, 3, 5, 10, 0, 0),
('Roger Ibanez', 25, 5000000, 5, 5, 6, 5, 5),
('Gianluca Mancini', 28, 5500000, 6, 5, 5, 7, 2),
('Nemanja Matic', 36, 4000000, 10, 5, 33, 6, 6),
('Stephan El Shaarawy', 32, 3800000, 14, 5, 5, 15, 3),
('Leandro Paredes', 30, 5200000, 11, 5, 7, 9, 9),
-- Фламенго (club_id = 6)
('Willian', 30, 8000000, 7, 6, 6, 12, 12),
('Pedro', 27, 10000000, 15, 6, 2, 21, 8),
('Everton Ribeiro', 35, 6000000, 8, 6, 6, 8, 8),
('David Luiz', 37, 5000000, 4, 6, 6, 3, 6),
('Giorgian de Arrascaeta', 30, 9000000, 9, 6, 36, 8, 8),
('Hugo Souza', 34, 3000000, 1, 6, 6, 0, 0),
('Fabricio Bruno', 28, 4000000, 5, 6, 6, 2, 5),
('Ayrton Lucas', 26, 3500000, 6, 6, 6, 6, 5),
('Guilherme Arana', 27, 4500000, 4, 6, 6, 6, 2),
('Matheus Franca', 23, 5500000, 16, 6, 6, 7, 7),
-- Бока Хуниорс (club_id = 7)
('Dario Benedetto', 34, 5000000, 17, 7, 7, 12, 3),
('Marcos Rojo', 34, 4000000, 5, 7, 7, 1, 1),
('Oscar Romero', 32, 3500000, 10, 7, 29, 5, 5),
('Sergio Romero', 37, 2500000, 2, 7, 7, 0, 0),
('Luis Advincula', 34, 3000000, 6, 7, 30, 3, 5),
('Edinson Cavani', 37, 8000000, 12, 7, 36, 9, 2),
('Paul Medina', 25, 2200000, 11, 7, 7, 11, 11),
('Cristian Medina', 27, 2800000, 4, 7, 7, 6, 3),
('Nicolas Figal', 29, 2000000, 5, 7, 7, 1, 4),
('Miguel Merentiel', 26, 2400000, 7, 7, 7, 8, 8),
-- Арсенал (club_id = 8)
('Bukayo Saka', 22, 15000000, 13, 8, 8, 14, 9),
('Martin Odegaard', 25, 14000000, 8, 8, 28, 8, 10),
('Declan Rice', 25, 16000000, 9, 8, 8, 4, 5),
('Gabriel Jesus', 27, 12000000, 14, 8, 6, 9, 5),
('William Saliba', 23, 10000000, 6, 8, 3, 1, 6),
('Aaron Ramsdale', 26, 6000000, 3, 8, 8, 0, 0),
('Ben White', 27, 8000000, 4, 8, 8, 4, 3),
('Gabriel Magalhaes', 26, 9000000, 5, 8, 6, 6, 1),
('Kai Havertz', 25, 13000000, 15, 8, 4, 8, 3),
('Oleksandr Zinchenko', 27, 7000000, 6, 8, 35, 7, 5),
-- Аякс (club_id = 9)
('Steven Berghuis', 32, 5000000, 16, 9, 9, 9, 12),
('Davi Gomes', 19, 3000000, 17, 9, 6, 8, 9),
('Kenneth Taylor', 22, 4000000, 10, 9, 9, 5, 5),
('Jorrel Hato', 18, 2500000, 4, 9, 9, 4, 3),
('Remko Pasveer', 30, 2000000, 1, 9, 9, 0, 0),
('Bertrand Traore', 24, 3500000, 12, 9, 17, 15, 3),
('Silvano Vos', 26, 3200000, 11, 9, 9, 7, 7),
('Anton Gaae', 20, 1800000, 5, 9, 9, 3, 2),
('Brian Brobbey', 22, 4500000, 13, 9, 9, 13, 8),
('Devyne Rensch', 21, 3800000, 6, 9, 9, 6, 4),
-- Спортинг Лиссабон (club_id = 10)
('Viktor Gyokeres', 26, 8000000, 14, 10, 38, 12, 11),
('Pedro Goncalves', 25, 6000000, 7, 10, 10, 10, 10),
('Sebastian Coates', 27, 5000000, 4, 10, 36, 6, 4),
('Antonio Adan', 37, 2500000, 2, 10, 2, 0, 0),
('Ishaq Abdulrazak', 24, 4000000, 5, 10, 9, 2, 5),
('Francisco Trincao', 24, 5500000, 15, 10, 10, 23, 3),
('Manuel Ugarte', 23, 7000000, 8, 10, 36, 12, 12),
('Nuno Santos', 29, 3500000, 6, 10, 10, 5, 3),
('Marcus Edwards', 22, 3000000, 4, 10, 10, 2, 5),
('Daniel Braganca', 24, 4500000, 9, 10, 10, 6, 6),
-- Гвадалахара (club_id = 11)
('Alexis Vega', 26, 3500000, 16, 11, 11, 7, 4),
('Fernando Beltran', 26, 2800000, 10, 11, 11, 9, 9),
('Gilberto Sepulveda', 27, 2500000, 5, 11, 11, 1, 3),
('Miguel Jimenez', 30, 2000000, 3, 11, 11, 0, 1),
('Roberto Alvarado', 25, 3200000, 11, 11, 11, 6, 6),
('Carlos Cisneros', 28, 2200000, 17, 11, 11, 18, 9),
('Isaac Brizuela', 34, 2000000, 12, 11, 11, 14, 11),
('Jesus Angulo', 28, 2400000, 6, 11, 11, 6, 2),
('Hiram Mier', 26, 1800000, 4, 11, 11, 7, 2),
('Pavel Perez', 23, 1500000, 7, 11, 11, 6, 6),
-- Нью-Йорк Сити (club_id = 12)
('Valentin Castellanos', 25, 5000000, 13, 12, 7, 21, 12),
('Maxi Moralez', 37, 6000000, 14, 12, 7, 10, 4),
('Santiago Rodriguez', 24, 4000000, 8, 12, 36, 10, 10),
('Sean Johnson', 35, 2500000, 1, 12, 12, 0, 0),
('Tyler Adams', 25, 3500000, 9, 12, 12, 10, 10),
('Alfredo Morales', 33, 3000000, 10, 12, 12, 8, 8),
('Talles Magno', 22, 2800000, 15, 12, 6, 16, 5),
('Andre Blake', 34, 2200000, 2, 12, 41, 0, 1),
('Kevin OToole', 23, 1800000, 5, 12, 12, 3, 3),
('Braian Pearson', 21, 1500000, 6, 12, 12, 6, 2),
-- Урава Ред Даймондс (club_id = 13)
('Daiki Kanaya', 27, 4000000, 16, 13, 13, 15, 12),
('Ken Iwao', 29, 3000000, 11, 13, 13, 7, 7),
('Takuya Iwamasa', 32, 2500000, 4, 13, 13, 1, 4),
('Shusaku Nishikawa', 38, 2000000, 3, 13, 13, 0, 0),
('Akira Taguchi', 24, 3500000, 7, 13, 13, 9, 9),
('Katsuya Iwamasa', 25, 2800000, 5, 13, 13, 2, 1),
('Yutaka Oda', 23, 2200000, 17, 13, 13, 17, 3),
('Taiki Harada', 21, 1800000, 12, 13, 13, 15, 12),
('Ryosuke Shima', 26, 3200000, 8, 13, 13, 5, 5),
('Kenya Fujimori', 28, 2600000, 6, 13, 13, 4, 2),
-- Сидней FC (club_id = 14)
('Adam Le Fondre', 37, 2000000, 13, 14, 8, 8, 10),
('Milos Kovac', 30, 2500000, 9, 14, 18, 10, 10),
('Ryan McGowan', 34, 1800000, 4, 14, 14, 5, 6),
('Andrew Redmayne', 35, 1500000, 1, 14, 14, 0, 1),
('Elvis Kamso', 23, 2200000, 14, 14, 12, 19, 8),
('Lukasz Budzinski', 26, 2000000, 10, 14, 31, 9, 9),
('Joel King', 24, 1800000, 5, 14, 14, 2, 3),
('Robert Mak', 22, 1200000, 15, 14, 14, 25, 2),
('Jordan Elsey', 21, 1000000, 6, 14, 14, 5, 1),
('Ben Warland', 23, 1400000, 4, 14, 14, 5, 4),
-- Аль-Ахли (club_id = 15)
('Hussein El Shahat', 32, 4000000, 16, 15, 15, 20, 5),
('Ali Maaloul', 33, 3500000, 5, 15, 34, 4, 4),
('Amr El Solaya', 30, 3000000, 11, 15, 15, 10, 10),
('Mohamed El Shenawy', 35, 2500000, 2, 15, 15, 0, 0),
('Percy Tau', 30, 5000000, 17, 15, 40, 8, 2),
('Aliou Dieng', 24, 3500000, 12, 15, 32, 13, 12),
('Yasser Ibrahim', 31, 2800000, 6, 15, 15, 7, 1),
('Hamdi Fathi', 29, 2200000, 7, 15, 15, 5, 5),
('Akram Tawfik', 27, 2400000, 4, 15, 15, 4, 1),
('Karim Fouad', 22, 1800000, 8, 15, 15, 9, 9);
-- Свободные агенты (club_id IS NULL)
INSERT INTO Player (name, age, salary, subtype_id, club_id, nationality_country_id, goals_last_season, assists_last_season) VALUES
('Angel Di Maria', 36, 3500000, 14, NULL, 7, 4, 7),
('Isco', 32, 2000000, 9, NULL, 2, 11, 11),
('Jesse Lingard', 31, 1500000, 11, NULL, 8, 6, 6),
('Daniel Sturridge', 34, 1000000, 15, NULL, 8, 26, 12),
('Alejandro Gomez', 36, 1200000, 10, NULL, 7, 5, 5),
('Jack Wilshere', 32, 500000, 8, NULL, 8, 4, 4),
('Mario Gotze', 32, 2500000, 11, NULL, 4, 10, 10),
('David de Gea', 33, 4000000, 2, NULL, 2, 0, 1),
('Memphis Depay', 30, 5000000, 16, NULL, 9, 15, 12),
('Anthony Martial', 28, 4200000, 16, NULL, 3, 18, 7),
('Wissam Ben Yedder', 34, 3800000, 15, NULL, 3, 12, 10),
('Sergio Ramos', 38, 3000000, 5, NULL, 2, 7, 1),
('Mats Hummels', 35, 2800000, 4, NULL, 4, 4, 3),
('Raphael Varane', 31, 3200000, 6, NULL, 3, 3, 1),
('Marco Reus', 35, 2600000, 10, NULL, 4, 6, 6),
('Andre Gomes', 31, 2000000, 8, NULL, 10, 7, 7),
('Eric Maxim Choupo-Moting', 35, 2200000, 15, NULL, 23, 7, 7),
('Patrice Evra', 43, 700000, 5, NULL, 3, 7, 3),
('Joel Campbell', 32, 1500000, 17, NULL, 26, 11, 10),
('Vincent Aboubakar', 32, 2700000, 14, NULL, 23, 19, 8),
('James Rodriguez', 33, 2400000, 9, NULL, 25, 6, 5),
('Diego Costa', 35, 1700000, 13, NULL, 2, 19, 11),
('Joel Matip', 33, 2600000, 4, NULL, 23, 6, 5),
('Adrien Rabiot', 29, 4500000, 8, NULL, 3, 4, 4),
('Guillermo Ochoa Jr', 29, 900000, 1, NULL, 11, 0, 0);
-- Портреты Transfermarkt (ID профиля: transfermarkt.com/spieler/profil/spieler/{id})
-- Дополнительные пары (имя, club_id, tm_id) добавляйте вручную в этот блок.
UPDATE player AS p SET transfermarkt_player_id = m.tm_id
FROM (
  VALUES
  ('Lionel Messi', 2, 28003),
  ('Neymar', 3, 68290),
  ('Robert Lewandowski', 4, 38253),
  ('Edin Dzeko', 5, 28396),
  ('Carlos Tevez', 7, 4276),
  ('Pierre-Emerick Aubameyang', 8, 58864),
  ('Georginio Wijnaldum', 8, 49499),
  ('Guillermo Ochoa', 11, 29559),
  ('Shinji Kagawa', 13, 81785),
  ('Pedri', 2, 683840),
  ('Gavi', 2, 646740),
  ('Robert Lewandowski', 2, 38253),
  ('Marc-Andre ter Stegen', 2, 74857),
  ('Jules Kounde', 2, 411975),
  ('Ferran Torres', 2, 398184),
  ('Frenkie de Jong', 2, 326330),
  ('Kylian Mbappe', 3, 342229),
  ('Marquinhos', 3, 181767),
  ('Achraf Hakimi', 3, 398073),
  ('Gianluigi Donnarumma', 3, 315858),
  ('Manuel Neuer', 4, 17259),
  ('Jamal Musiala', 4, 580195),
  ('Leroy Sane', 4, 192565),
  ('Thomas Muller', 4, 58358),
  ('Joshua Kimmich', 4, 161056),
  ('Alphonso Davies', 4, 424204),
  ('Matthijs de Ligt', 4, 326031),
  ('Paulo Dybala', 5, 206050),
  ('Edinson Cavani', 7, 48280),
  ('Bukayo Saka', 8, 433177),
  ('Martin Odegaard', 8, 316264),
  ('Declan Rice', 8, 357662),
  ('Gabriel Jesus', 8, 363205)
) AS m(name, club_id, tm_id)
WHERE p.name = m.name AND p.club_id = m.club_id;

UPDATE player SET transfermarkt_player_id = 69683 WHERE name = 'Alan Dzagoev' AND club_id = 1;
UPDATE player SET transfermarkt_player_id = 15570 WHERE name = 'Igor Akinfeev' AND club_id = 1;

-- Добавление данных в таблицу трофеев
INSERT INTO Trophy (name, prize_fund) VALUES
('Лига Чемпионов', 50000000),
('Кубок Ла Лиги', 10000000),
('Кубок Франции', 5000000),
('Бундеслига', 15000000),
('Серия А', 12000000),
('Копа Либертадорес', 8000000),
('Кубок Америки', 2000000),
('FA Cup', 6000000),
('Эредивизи', 4000000),
('Суперкубок Португалии', 1500000),
('Кубок Мексики', 3000000),
('MLS Cup', 2500000),
('J-League', 7000000),
('A-League', 2000000),
('Кубок Африки', 10000000);

-- Добавление данных в таблицу связи клубов с трофеями
INSERT INTO Club_Trophy (club_id, trophy_id, year_won) VALUES
(1, 1, 2018),
(2, 1, 2019),
(3, 2, 2020),
(4, 3, 2021),
(5, 4, 2022),
(6, 5, 2023),
(7, 6, 2021),
(8, 7, 2020),
(9, 8, 2022),
(10, 9, 2023),
(11, 10, 2021),
(12, 11, 2022),
(13, 12, 2023),
(14, 13, 2021),
(15, 14, 2020);
